Pipeline,Pearson_r,Pearson_p,N
SA,0.401711,0.000000,243
MAS,0.412180,0.000000,243
MAP,0.519514,0.000000,243
