Pipeline,Mean,CI,Lower,Upper
SA,2.078189,0.125187,1.953002,2.203376
MAS,2.090535,0.127923,1.962612,2.218458
MAP,2.045267,0.125972,1.919295,2.171239
