Pipeline,Mean,CI,Lower,Upper
SA,0.695917,0.009936,0.685981,0.705853
MAS,0.683826,0.010950,0.672876,0.694777
MAP,0.692004,0.011152,0.680852,0.703156
